{
    "stage1_cv": {
        "accuracy": [
            0.96565,
            0.96505,
            0.9657,
            0.9672,
            0.96945
        ],
        "precision": [
            0.9666831847060313,
            0.9661587174823347,
            0.9668210414301671,
            0.9682932060807153,
            0.9705332606612399
        ],
        "recall": [
            0.96565,
            0.96505,
            0.9657,
            0.9672,
            0.96945
        ],
        "f1": [
            0.9651786319663576,
            0.9645475422919805,
            0.9652474485036593,
            0.9667580129173277,
            0.9690806247952897
        ]
    },
    "stage2_cv": {
        "accuracy": [
            0.29783333333333334,
            0.3005833333333333,
            0.30475,
            0.29991666666666666,
            0.3000833333333333
        ],
        "precision": [
            0.2985049833887043,
            0.30088201031785655,
            0.29819121447028424,
            0.3020610057708162,
            0.3010449494111793
        ],
        "recall": [
            0.2995,
            0.30133333333333334,
            0.2885,
            0.30533333333333335,
            0.3025
        ],
        "f1": [
            0.2990016638935108,
            0.3011075027063036,
            0.29326556543837357,
            0.30368835474513056,
            0.30177072075816774
        ]
    },
    "final": {
        "accuracy": 0.7830181896613704,
        "precision": 0.7869319622363817,
        "recall": 0.7830181896613704,
        "f1_score": 0.7842139185003144,
        "confusion_matrix": [
            [
                2988,
                0,
                0,
                11,
                1
            ],
            [
                0,
                1634,
                1319,
                6,
                41
            ],
            [
                1,
                1261,
                1684,
                2,
                52
            ],
            [
                113,
                105,
                102,
                2676,
                4
            ],
            [
                0,
                0,
                0,
                0,
                1909
            ]
        ]
    }
}