{
    "k_folds": 5,
    "cv_results": {
        "accuracy": {
            "mean": 0.71307,
            "std": 0.0016533602148352535,
            "values": [
                0.71115,
                0.71255,
                0.71465,
                0.71535,
                0.71165
            ]
        },
        "precision": {
            "mean": 0.7186236141618895,
            "std": 0.000846376273182377,
            "values": [
                0.7172279438390159,
                0.7183484069224216,
                0.7194580351611539,
                0.7195478271809715,
                0.7185358577058841
            ]
        },
        "recall": {
            "mean": 0.71307,
            "std": 0.0016533602148352535,
            "values": [
                0.71115,
                0.71255,
                0.71465,
                0.71535,
                0.71165
            ]
        },
        "f1_score": {
            "mean": 0.7150760945146645,
            "std": 0.0012756015574421557,
            "values": [
                0.7133857206848199,
                0.7147676831932108,
                0.7163199969124587,
                0.7167479659354731,
                0.7141591058473599
            ]
        }
    },
    "per_class_performance": {
        "Benign": {
            "precision": 0.9552150176291576,
            "recall": 0.9948499999999999,
            "f1_score": 0.9746279711379646
        },
        "DDoS": {
            "precision": 0.3329138616836896,
            "recall": 0.33375,
            "f1_score": 0.33331357393837774
        },
        "DoS": {
            "precision": 0.3383046479387051,
            "recall": 0.3507,
            "f1_score": 0.34438121216773315
        },
        "Reconnaissance": {
            "precision": 0.9940554897269159,
            "recall": 0.88605,
            "f1_score": 0.9369351879217213
        },
        "Theft": {
            "precision": 0.9726290538309786,
            "recall": 1.0,
            "f1_score": 0.9861225274075258
        }
    },
    "attack_types": {
        "0": "Benign",
        "1": "DDoS",
        "2": "DoS",
        "3": "Reconnaissance",
        "4": "Theft"
    },
    "final_training_time": 5.873772859573364,
    "feature_importance": {
        "PROTOCOL": 0.33518052101135254,
        "L7_PROTO": 0.17414098978042603,
        "PROTOCOL_INTENSITY": 0.09499426186084747,
        "OUT_PKTS": 0.07954902946949005,
        "TCP_FLAGS": 0.07088784873485565,
        "IN_OUT_PACKET_RATIO": 0.047398462891578674,
        "IN_BYTES": 0.037044230848550797,
        "AVG_OUT_PACKET_SIZE": 0.02782796137034893,
        "L4_DST_PORT": 0.021069195121526718,
        "AVG_IN_PACKET_SIZE": 0.01641407608985901,
        "OUT_BYTES": 0.016237836331129074,
        "IN_OUT_BYTE_RATIO": 0.013389485888183117,
        "BYTE_ASYMMETRY": 0.012298796325922012,
        "IN_PKTS": 0.00831939373165369,
        "BYTES_PER_MS": 0.007539898157119751
    }
}