{
    "train": {
        "accuracy": 0.9784766264446122,
        "precision": 0.9987177718859992,
        "recall": 0.9581834400148995,
        "f1_score": 0.9780308014017465,
        "roc_auc": 0.995552011945698,
        "confusion_matrix": [
            [
                203783,
                251
            ],
            [
                8532,
                195502
            ]
        ],
        "prediction_time": 0.20506525039672852
    },
    "test": {
        "accuracy": 0.9781564183747153,
        "precision": 0.9984655027649904,
        "recall": 0.9577848136421707,
        "f1_score": 0.9777021759160819,
        "roc_auc": 0.9956382931438144,
        "confusion_matrix": [
            [
                35953,
                53
            ],
            [
                1520,
                34486
            ]
        ],
        "prediction_time": 0.037889957427978516
    },
    "feature_importance": {
        "L7_PROTO": 0.3693009614944458,
        "FLOW_DURATION_MILLISECONDS": 0.22260083258152008,
        "L4_DST_PORT": 0.13625569641590118,
        "L4_SRC_PORT": 0.13237562775611877,
        "IN_BYTES": 0.10192170739173889,
        "IN_PKTS": 0.03754514455795288,
        "PROTOCOL": 0.0,
        "OUT_BYTES": 0.0,
        "OUT_PKTS": 0.0,
        "TCP_FLAGS": 0.0
    },
    "training_time": 3.5336830615997314
}